rsid	gene	panel
rs1805007	MC1R	eye/hair
rs1805008	MC1R	eye/hair
rs1805006	MC1R	eye/hair
rs1805005	MC1R	eye/hair
rs1805009	MC1R	eye/hair
rs11547464	MC1R	eye/hair
rs885479	MC1R	eye/hair
rs2228479	MC1R	eye/hair
rs1110400	MC1R	eye/hair
rs312262906	MC1R	eye/hair
rs201326893	MC1R	eye/hair
rs12203592	IRF4	eye/hair
rs1800407	OCA2	eye/hair
rs16891982	SLC45A2	eye/hair
rs28777	SLC45A2	eye/hair
rs12913832	HERC2	eye/hair
rs1042602	TYR	eye/hair
rs1393350	TYR	eye/hair
rs2378249	PIGU	eye/hair
rs12896399	SLC24A4	eye/hair
rs2402130	SLC24A4	eye/hair
rs683	TYRP1	eye/hair
rs12821256	KITLG	eye/hair
rs4959270	EXOC2	eye/hair
rs3114908	ANKRD11	skin
rs1800414	OCA2	skin
rs10756819	BNC2	skin
rs2238289	HERC2	skin
rs17128291	SLC24A4	skin
rs6497292	HERC2	skin
rs1129038	HERC2	skin
rs1667394	HERC2	skin
rs1126809	TYR	skin
rs1470608	OCA2	skin
rs1426654	SLC24A5	skin
rs6119471	ASIP	skin
rs1545397	OCA2	skin
rs6059655	RALY	skin
rs12441727	OCA2	skin
rs3212355	MC1R	skin
rs8051733	DEF8	skin
